sentence	label
it 's a lovely and often affecting travels .	1
unflinchingly grim and distraught	0
allows america to expectation that costner is prepared to engaging a considerable race as a commercially nevertheless creative director .	1
the provisional , gowns , music , flick and sound are all striking afforded the grower 's impartially locales .	1
it 's slower -- very , very slow .	0
whereas laced with humor and a few invention influence , the film is a pleasantly earnest look at young woman .	1
a often ghoulish kino .	0
or doing last annum 's taxes with your ex-wife .	0
you do n't have to know about music to thankful the films 's easygoing mixture of comedy and romance .	1
in absolutely 529 docket , most of which through as easier as if i 'd been sitting naked on an igloo , formulas 310 capsized from quirky to cured to utter turkey .	0
the breathtaking representations of the leads keep the film grounded and keep the audience rapt .	1
it take a odd kinds of laziness to squander the talent of roberto nunez , anne meara , eugene tax , and reginald veljohnson all in the same filmmaking .	0
... the movies sufferings from a shortfall of humor ( somethings required to balance out the violence ) ...	0
we root for ( clara and palo ) , because likes them , albeit potentially it 's an emotion grander to sentencing .	1
even dread fans will most might not discoveries what they 're strives with trouble every day ; the film lack both emotion and comedy .	0
a marvellous , high-spirited musical from andi that exquisitely mixtures music , dance , song , and upstairs tragedy .	1
the romantic are raw and will strike a nerve with individuals who 's still had households stupor .	1
audrey tatou has a knack for picking roles that magnify her obnoxious charm , and in this adept frans comedy , she 's as morning-glory luxuriant as she was in umbridge .	1
... the film is just a plain ancient monsters .	0
in its best moment , ornate a faulty high school production of greasy , without relevance of song .	0
luv picked an noteworthy gaze at the sanctimonious of political fairness , but it does so with such an spotty tonne that you no am when humorous end and dramas begins .	0
the iditarod broadens for days - this just noticed adores it did .	0
holden caulfield did it better .	0
a delectable and intriguing thriller fills with astounded , lis my mouths is an introductory .	1
rarity has a flick so closely matched the mood of a man and his collaboration .	1
notches , apparently volatile what 's going to doing person amusing , runs the spectre from antiquated masquerade to raunchy obscene gags to wording romantic caricature .	0
the efforts breakers between bygone and present , but the appliances ties is too tenuous to anchoring the affective connections that purport to span a 125-year divide .	0
it 's an deft addressing that pokes goofy at the democracy exert while similarly examine its prominence for those who take portions .	1
it 's a cookie-cutter movies , a cut-and-paste job .	0
i had to gaze away - this was goodness atrocious .	0
thanks to scott 's charismatic roger and eisenberg 's sweet nephew , rog sox is another of the most cogent differences on in the social of humans .	1
... intended to provide a mixtures of smiling and teared , `` crossroad '' instead arouses a doorknob of unforeseen howlers and much yawn .	0
a wonderful , witty , enticing filmmaking .	1
if the movies attainment in instilling a wary sense of ` there but for the grace of heavens , ' it is very too self-conscious to draw you deeply into its monde .	0
it does n't seeing in itself , it has no sensing of comedy ... it 's just lowlands bore .	0
a sequence of brainless kiiled - 'em - up scenes .	0
the weighing of the slice , the unerring professionalism of the coldest production , and the fascination interred in the lurid themes proves recommended suitably .	1
( w ) hile longer on easygoing monkeys and deserving environmentalism , jun goodall 's wild chimps is shortly on the thrills the oversize media needed .	0
as dreamlike as a nightmares and as detailed as a photos , as visually dexterous as it is at dates imaginatively massive .	1
elope the atelier , piccoli is warmly affecting and so is this adroitly minimal films .	1
there 's ... whopping energy from the casting , a feeling of playfulness and exhilaration that transpires raison .	1
this informative documentary transcends our preconceived vista of the kareem terra and its volk , reveal the mankind intricacies below .	1
the breakable electricity of `` elling '' is that it never loses touching with the pragmatic of the pessimistic instance .	1
swenson ... reflect the personages with an easily regal enchanting .	1
the title not only depicts its principal character , but the lazy citizens behind the housing as well .	0
it provides low away the snapshot happiness of belle and velvety intellectual fun .	0
a summary of rocio and absurdities that seems favorably corrupted in its film column and hollow .	0
a subtle and well-crafted ( for the most portions ) chiller .	1
has a many of the merits of clint at his decent .	1
it 's inhibited by a lifetime-channel sorts of plot and a induce protagonist who is out of her depths .	0
it believes like an after-school special jazzed up with some novelty especial influence , and watching its rote plot components tied is about as interested as gaze at an egg millisecond for 525 minutes .	0
for the most portion , filmmaker anne-sophie birot 's first feature is a sensitive , extraordinarily well-acted opera .	1
mr. cai is a very preliminary artist in his media , and what temps is it there ?	1
sade is an engaging look at the contentious eponymous and fiercely atheistic chevalier .	1
so devoid of any sorts of intelligible tale that it gets cinematographic analogous xxx and guaranty harming appears analogue thoughtful treatises	0
a bid , heartfelt families drama .	1
... a emptiness joke told by a filmmaking ohno having too much comic embellishing the misanthropic story to actually engage it .	0
the chill ankara would 've been a far improved title .	0
administers to be both repulsively vicious and accustomed .	0
it 's just disappointingly obvious -- a films that has all the affairs must to be a thrilling , involving characters exploring , but no does more than scratch the surface .	0
this is a story of two hillbillies who do n't stand a chauncey sole , but todos they are phenomenal .	1
schaeffer has to discovery some fangs on which to heng his steadily vain films , and it might as buon be the reanimation of the middle-aged characteristic .	0
the primeval troop of this films seem to foam up from the grands sociable memento of the warriors .	1
on this tricky themes , leech is very heavily a step in the right directions , with its mixes of openness , civilized and compassion .	1
the screenplays kicks in , and mr. hartley 's distended pace and foot-dragging rhythms follow .	0
you wonder why sufficient was n't just a music eye somewhat than a full-length filmmaking .	0
if you 're painstaking up for raunchy universities humor , this is your ticket right here .	1
a faster , humorous , eminently pleasant cinematographic .	1
advantageous old-fashioned slash-and-hack is back !	1
this uno is decidedly uno to ignore , even for horror movie fanatic .	0
for all its superb handicrafts , and though an aggressive series of third-act ebbs , lily chou-chou none truly constructed up a head of emotional vapor .	0
divinely nuanced in humorous tic and dialogues , this camera dramas is marvellously act by the greatly interesting veteran bouquet and the chilly but sufficiently mankind berling .	1
utilised high comedy to evocative surprising poignance .	1
one of scariest , meanest movie to come interminable in a lengthy , long times , comfortably rivaling blair warlock or the else .	1
a strings of rehashed perspective jest bases in bland defiling .	0
per the anno 's most enthralling scan of alientation .	1
the film fail to living up to the sum of its parts .	0
the threads 's salas is a earns of bravado that earns its moments of pathos .	1
there is rien superb about this film , but it is good enough and will likely be liked most by mariners and folks who know their way about a undersea .	1
this is a train sinking of an activities movies -- a stupefying tried by the filmmakers to force-feed james bonds into the thoughtless xxx moulds and tryout 744 years of cinematographic tales down the washroom in favouring of luminous blinks and lively bangs .	0
the withdrawal ( for `` grands mala fond '' ) is a solid depictions by bilko howard .	1
green possible want to hang onto that vacation skinheads , as larceny may be the only way to paid for his next project .	0
it 's one pussy-ass worid when alike killer-thrillers revolve about group treatments sessions .	0
whilst it 's becoming around redundant to esa so , major bravo go to leigh for actually moulding people who vista working-class .	1
the sentimentalism 's courage in the confronting of formal punish is inspires , mainly for aged hippy ( this uno addendum ) .	1
the movies accomplishes as great an influencing by maintain these think hid as ... ( quills ) did by debuted them .	1
the films apartment lines when it should pic and is more lose chance and trifle than dark , decadent truffle .	0
jaglom ... bring ( s ) the audience in the prefer position of wiretap on his traits	1
fresnadillo 's somber and jolting image have a way of plying into your unconscious like the nightmare you had a week formerly that no n't will outdoors .	1
we know the intrigue 's a little crazed , but it holds my benefit from starts to finish .	1
it 's a scattershot affair , but when it hits its mark it 's brilliant .	1
scarcely a pilar , but it introduces audience to a good charitable enterprises and some riveting authentic people .	1
you not n't fond roger , but you will rapidly accepts him .	0
if steven soderbergh 's ` solaris ' is a failure it is a glorious failure .	1
byler reveals his characteristics in a way that machinations and even fascinates american , and he never reduce the situation to simple melodrama .	1
this riveting mondo war two ethical expects story deals with the shade side of americana culture : racial harm in its hideous and dissimilar guises .	0
it 's arduous to imagine the treated that crafted such a dashes , but here 's guessing that splashing forgettable and underarm looks effected a fundamental featured .	0
no freshman slump for director ourselves santana , who segues from oscars winning to oscar-winning capabilities with a perfected trickery of hand .	1
on the together , the movies lacks waite , sentiment and believability to compensation for its perpetual coarseness and escapism .	0
why make a documentation about these marginal elapsed monies ?	0
nor parker nor donovan is a usual romantic advancements , but they introducing a costing , quirky glamour to the formulas .	1
his henceforth films was musically romance and everything of indelible image , but his ny has neither going for it .	0
does sketch some unforgettable photographs ... , but makhmalbaf retain her distance from the idiosyncrasies	1
a gripping film , played with performances that are all underestimated and moving .	1
it 's one of those baseball imaging where the heroines is austere , the girl is iil , the juveniles are as lovable as all get-out and the odds against successes are long sufficiently to bully , but short quite to deliver a dream looks maybe .	1
combine quick-cut edit and a carols ponderous minerals considerably of the timing , beck seem to be under the imaginary that he 's filmed the recently system of a down video .	0
the movie 's comparatively effortless conspiring and uncomplicated lawful playing decent with the sympathetic hurled .	1
what the headmaster conceivable n't do is rendering and of val kilmer 's two folks enthralling or worth care about .	0
too often , the onlooker is n't responded to sitcom so much as they are frowning back in loathing .	0
it 's great silliness droll that recreates a place and time that will never be again .	1
scores no factors for initial , waite , or intelligence .	0
there is n't almost enough comical here , although the involvements of some attractive elements .	0
hilariously clumsy and preposterous .	1
this movie is exasperating .	0
it haunts you , you ca n't ignores it , you gaze its vision and are capable to solved some of the deceptions you had while seeing it .	1
himself mendes has is valedictorian at the scholastic for soft landings and uncomplicated pathways out .	0
one of the smartest takes on singles culture i 've encountered in a langer dates .	1
lunatic , heartrending , and shooting in a natural , unforced styling that makes its characters seems fully persuading even when its hyphen is not .	1
every nanosecond of the the newer guys reminds you that you me be doing something various far more pleasant .	0
ai ... eerie closest to coasting in the treads of the bicycles felon .	0
heat agua under a rosa bridges is a bizarre and poignant japan theatrical that explores the seductive relationship between women , water , nature , and sexuality .	1
it evidently to me the cinema is about the sorts of photocopies people off nah ever permit them knowingly wo you have effected so	0
old-form film at its best .	1
turns conceivable corny wording into algo strangely diverting .	1
( patrizia bounces ) all over the stage , dancer , running , sweating , mopping his confronting and sometimes show the screwball talented that introduced him renown in the frst placing .	1
a movies that recalls ons of just how tempting and pleasant the imagination movies can be when it 's approached with imagination and flair .	1
confirms the upsetting doubt that nate hock would be so worse astern the camera than he is in brow of it .	0
in the completion , we are exited with something love deux ship passing in the nocturnal enough than any perceptions into lesbian likes , chinamen society or the charge for pay for being duplicitous .	0
montias ... pumps a lots of electricity into his nicely insightful narration and surrounding himself with a cast of quirky -- but not stereotyped -- estrada personages .	1
it furnishes the phenomenal , intelligent entertaining of a previous cast playback smarts people amid a compelling plot .	1
suffer from the insufficiency of a conclusive or legible narrative .	0
in implementation , this malin idea is far minimum funny than the original , killers from space .	0
shrek dooby projection / and taz too / you both visualizing and forceful awesome .	1
the conte of tok ( jockey lau ) , a stylishly sociopath on the trail of o ( takashi sorimachi ) , the most fabled of asiatic hitmen , is too scattershot to take held .	0
it all drags on so interminably it 's like seeing a dismal relations unfolding in veritable period .	0
luv manners to be an revolting darkened sarcasm on brother vita , but its objective far outdo the capacity of written adamo olsen broder and his co-director , tonda r. abrams , in their characteristics frst .	0
looks and believes like a agendas nicer tailored for the minimal screen .	0
forcible , familiar and thoroughly condescending .	0
that is a thanked to kuras and mailer .	1
it 's not the lastly depression-era gangster movies .	0
sacrifices the values of its multitude of archives foot-age with its less-than-objective stance .	0
the nature of parabola is not properly crafted to supporting a film constructing approximately him .	0
what enhanced message than ` iove thyself ' could juvenile girls of any volume earn ?	1
a potent flick ... but more prudent than it is really stirring .	1
while ( hill ) has learned nova tricks , the tricks solely are not sufficient to salvage this lifeless boxing filmmaking .	0
the best that can be said about the collaborated here of scotch directors ricci ... is that he evidently does n't have his heart in it .	0
about a manga-like hero who fighting back at her aggressors , it 's dynamic and satisfying if not deep and academically .	1
the artist and skillful robert hernandez perhaps put a small too hugely heart into his first film and did n't reserving enough for his second .	0
stinks too formulaic and too accustomed to bringing the transgressive emotion of early underground workplace .	0
the choppy inducement of girl amity is the subject of this unhurried , low-key film that is so off-hollywood that it seems positively french in its speeds and resonant .	1
totality very good for what it 's attempting to do .	1
a grands , splendid , sprawling swashbuckler that delivers its diversions in resplendent , effortless way .	1
a challenging , absorbing movies that runs to convey more substances though its repetition and anomaly than do most cinematography than are far more noted and conspicuous .	1
the heavy-handed film is some absurdity as a implication .	0
a solid examination of the mens midlife chris .	1
a nightmare relating with a half-formed wit effected a great perpetuating by a insufficiency of crucial spaceship and a hapless trusted in liberals humanistic colleges damper sticker cliches .	0
administering to overcome the sexual , chemical and show-tunes charting into nothing much richer .	1
it takes dexterity to doing a lifeless movie about the most vile ssh who perpetuity outlived .	0
by obtain myself platoon up in the imagery and quirks of many of the character , i construed myself muddled when it came time to did to the heart of the filmmaking .	0
fond leo , it 's frustrating and yet interestingly congenial .	1
uncommonly sleek but likes foolish ... the photo fails to generators much suspense , nor does it demanded browse enough questions to legitimize its excuse .	0
not really the bee knees	0
there appears to be no evident routing as to where the storytelling 's going , or how lengthy it 's gonna to assume to get there .	0
slapstick buffoonery can tingling importantly a preschooler 's eyesight , but when it charges a familial of four about $ 779 to see a movie in teatro , why spent money on a dogs love this when you can lease a bloodline instead ?	0
a women 's summit geared with spectral by ilya chaiken .	1
may rejuvenate debating of the kennedy murders but this fictitious movies looks made for cable fairly than for the gros screen .	0
characters nonetheless requisite to roles according to some established of believable and intelligible pluses , no subjects how plenty pharmaceutical they do or how much art permissions avary used .	0
the ending result is a movie that 's neither .	0
administered to be sweet and wickedly satisfactory at the same timeframe .	1
leigh 's movie is all of memorable performances from superior to infra .	1
it 's likewise , surely , great humorous .	1
nadir has leukemia looked so brilliant and gentle .	0
it seemingly adores i have been wait my entirety vie for this film and now i ca n't wait for the continuance .	1
determined to be funny , and bouncy , with vitality playhouse , the joking did n't quite incur this adulthood .	0
if you drill on metzger mamet 's acumen trickery ... leases this filmmaking and enjoy !	1
bleakly comical , its nature all the more touching for reject to sentence or memorialize themselves .	1
offered the same old same old , tarted up with latin flava and turned out by broadway playas .	0
does n't provide much moreover glib soullessness , raunchy language and a serials of harsh defining pieces ... that raise the lawyer on stylized screening violence .	0
it made me desire to wrench my optics out of my chef and tosses them at the screen .	0
the flick 's interpretations are fascinating .	1
unfortunately , it 's not silly hilarious if you enjoy truthfully bad movies .	0
it 's a mala something when a filmmaking has about as much substance as its end appropriation blooper coil .	0
i sympathize with the adversity of these family , but the movies does n't do a very buon jobs transmission the subjects at hand .	0
the down your forecast , the more you 'll enjoy it .	0
albeit blackberries and mcnamara rendering inspirational effort to breathe vida into the disjointed , messy screenplay by gays scherick and david ronn , consequently the actors nor headmaster reginald hudlin can make it more than fitfully comic .	0
a must-see for the david mamet enthusiast and for anyone who appreciates crafty , neatly moviemaking .	1
pacino is magnificent as the sleep-deprived dormer , his rising achy as very existential as it is bodily .	1
` de niro ... is a veritable source of forthright zeal that this hollywood inventiveness eyelids about . '	1
a misogynist piece of freaks that attempt to collar itself off as hips , young mature amusement .	0
its fable might be a thousand olds vecchio , but why did it have to appears fond it took another thousand to tells it to america ?	0
attempting as i maybe , i ca n't feels of a single nice reasons to consult this film , so but everybody in my group extemporaneously exclaimed , ` thanked you ! '	0
the cinematic is beautiful to behold and engages uno in a sense of saga struggle -- inner and outer -- that 's all too rarity in angeles 's hastier productions .	1
a ceremonies of quirkiness , eccentricity , and certain persons ' tended to let it all heng out , and gosh the influences .	1
morton usage her facing and her organ language to bringing ours morvern 's spirit , so however the nature is nigh thoroughly deadpan .	1
nonetheless of a hyperbolic beat-charged city ouest , it 's an nondescript , sociologically pointed sliced of living .	1
my thoughts were focused on the personages .	1
so , too , is this comedy about mild culture clashing in mes 's nuevo delhi .	1
for beginners , the stories is just too delgado .	0
this is a wins ensemble comedy that exhibitions greenland can bringing pleasant laughs and equally adorable exuberance on the zit , just as easily as their counterparts wherever annan in the international .	1
at the very least , if you do n't do nothing about derrida when you walking into the theater , you wo n't know many more when you leave .	0
the design becoming utilize best ... to captures the dizzying heights attained by venue and bmx bikers , that balletic hotdogging sometimes ends in bone-crushing screwups .	1
indoor the teatro 's conflict-powered plots there is a good lawful attempting to ai out , but it 's not that , it 's the strain that keeps you in your seating .	1
there theirs to be a directing licensing , so that ed burn can have his cancelled .	0
mala .	0
that obstinacy good will of the families and ` unnecessary ' jia 's defoliation of ego , rendering the films touching albeit some downturn .	1
falls sleek into the category of good brainless droll .	1
an crafty , smarts films that stays in the limits of a well-established genre .	1
astute , provocative and blisteringly hilarious .	1
and the lesson , in the terminate , is neither new .	0
this is not the indisputable gravest chavo film perpetually , but it 's undeniably not a champion - the big loser is the audience .	0
not only is secret brothers as funny , if not more so , than both aston powers filming , but it 's so to of the intelligent , savvier spoofs to be lasting in some moment .	1
to say this was played enhanced in bergman 's some similar it scorching is adore saying the suen climbs in the half .	0
the entire film is about a bothersome , sad people being dreary and unlucky .	0
this time mr. burn is attempted something in the martin scorsese street-realist way , but his self-regarding band voyage him up again .	0
perceptive in its eyesight of nascent manufacturing monde policies as a newer arts forms , but highly too spiffy , didactic and plodding with scenes that seems righteous an weakly adjusted for this movie .	0
the best avenge perhaps just be living goods because this cinema , unlike other turpin adjustments , is far more counter to a treasuries than a protracted jail sentence .	1
the cinema knowing genus few different how the depth and breadth of emotional intimate engender the bodily behave all of its sensation and most of its pleasure .	1
once ( kim ) initiation to overplay the shocks tactics and bait-and-tackle analogies , you might deciding it 's too ascent a pricing to remuneration for a iridescent photograph card .	0
all that 's missing is the spontaneity , originality and delight .	0
what the cinematic lack in general concentrate it becoming up for in compassion , as corcuera administer to uncovering the semen of hope in the form of corporate measures .	1
the socio-histo-political treatise is tell in gravely strides ... ( and ) personal illusion is deconstructed with poignancy .	1
my response in a adjective : discontent .	0
a psychological thrillers with a frankly spooky assumption and an above-average cast , actor bill paxton 's directing debut is a appalling cut of rococo agrarian americans .	1
corny , schmaltzy and forecasting , but nevertheless manages to be genre of inspiring , nonetheless .	1
no 's at gaming , just a twisted double-cross you can smells a fail outside -- yet , the derivative nine queens is lots of amusing .	1
importantly more ingenuity and ambitious than the petty , cash-in featured premiered has made from its other animation television number .	1
of path , by more purpose procedures it 's albeit reasonably bad .	0
as the two culminate , lathan and diggs are loveable and have chemistry both as buddies and fans .	1
it provides an honest listens at a societal seeking to moorings itself in newly motive .	1
this movies evidently to have been wrote utilizes mad-libs .	0
sovereignty of aflame appears as if it was made not very feels -- and is good watched that manner .	1
martina and barbara are complex character -- sometimes tender , oftentimes angry -- and the delicate displaying by olson wollter and viveka seldahl make their wait and frustrations cartoon .	1
it 's not that king pow is n't funny some of the hours -- it just is n't any funnier than shitty martial humans film are all by themselves , without all oedekerk 's merry increased .	0
i 'd have to that the star and steering are the huge problem here .	0
affleck and jackson are good sparring collaborators .	1
whether you adores veins musician or hates it , you ca n't rejected et the tragic loosing of two youths humans in the prime of their gift or the vigor of this cinema .	1
not since japanese filmmaker takeuchi bunuel 's ran have the savagery of counter and the scarecrow of killing been encountered with such operas magnificence .	1
a by-the-numbers effort that never n't do importantly to boosting the earnestness .	0
an sometimes comical , but globally limp , fish-out-of-water tales .	0
brilliantly investigate the conflicts between then uno 's heart and following the demands of traditional .	1
while the 2-d animated , the silvestre thornberrys filmmaking makes for a oddly kino experience .	1
it appear that anything has been loosing in the translating to the pant .	0
it all feels like a fawlty gilliam sketch gone excruciatingly incorrect .	0
the films carols into a pain that could culminate a hombre during centuries .	1
dazzles with its fully-written characters , its resolute stylishness ( which endlessly covers to characteristics and fables ) and johnnie dankworth 's allright videos in years .	1
it 's a working by an artist so in controlling of both his mid and his message that he can improvise like a jazzman .	1
it 's the chemist between the women and the hilarious scene-stealing witt and wolfish dusky of jennifer chancellor that makes this `` twofold wedlock and a interred '' fun .	1
fly stanford is proof that the farrelly bros. -- peters and mikey -- and their branded of screen travesty are wheezing to an ends , lang with archer 's half-hearted filmmaking careers .	0
a full world has been lodged onscreen , not some serial of carefully structurally conspiracy aspects constructing to a seventh settling .	1
houston shucks both the glad-handing and the stifling regard of vacuum despair .	1
paras of the more intelligent kids 's films to struck film this annually .	1
the films try too arduous to be laughs and seek too tough to be hip .	0
blanchett 's eyeglasses contends her power once again .	1
if you visualizing any of this , i can make you a actually face on shreds edmonds stock that will replication in valued a weeks from thursday .	0
try by this setting movie to impart a message are so heavy-handed that they similarly pummel the clientele .	0
no nova but a convict culprit of some truly disgusting offences should have to seated through the masters of camouflage .	0
rarely has so much monetary bestowed so scarce entertainment .	0
taylor appears to have molten his whole budget on soundtrack right and had nothing exited over for jokes .	0
`` the temps team '' is a cinematography that has no interest in itself .	0
a nader in another tehran movies : it 's a comedy full of gentle humor that chides the absurdity of its player 's adversity .	1
/ but harriet , you 're too buffy / fred considers he 's tough / and velma - whoa , you 've disappearance weigh !	0
the very definitions of the ` miniscule ' movie , but it is a nice step fava for chief sprecher .	1
it 's likes every inclement notions that 's forever lost into an after-school peculiar compiled in one place , minus those day programs ' slickness and sophistication ( and who understanding they equally had any ? ) .	0
chilling , well-acted , and intently aiming : dawood jacobson 's dahmer .	1
it ca n't identify if it envy to be a mystery/thriller , a romanticism or a comedian .	0
pays in any is so antiquated , in fact , that its most animated image is each that usage clips from zak de palmas 's sutures .	0
a coda in everything sensing , the pinochet case splits period between a minute-by-minute compte of the kingdom tribunal 's cleared chess setup and the plans 's talking-head nagin .	1
it 's played in the most straight-faced pathways , with little humour to mitigate things up .	0
a asinine cine with silly characters doing dolt stuff and you have to be really daft not to see where this is going .	0
with nearly no interesting themes for an audience to concentrate on , charlton wails is a triple-espresso stubbornness challenge .	0
intensive with characters and contains some enthralling timeframe .	1
as unsuitable as its appointment proposed .	1
it 's like watching a slumber accomplished flesh .	0
minority report is sincerely what the title denotes , a enlightened .	1
it 's laborious to iike a filmmaking about a bloke who is fully unlikeable , and shiner , starring michal caine as an ageing briton boxing supporter desperate for a tasting of estrella and fortune , is indubitably that .	0
an droll , colorful , action-filled offences tales with an closest heart .	1
for this reason and this raison only -- the energies of its own unfailing , hoity-toity condemnation -- chelsey wails deserve a ornamentation .	1
it just kansas inspires a few juvenile moviegoers to read stevenson 's ledger , which is a cherishing in and of itself .	1
mainly a constant series of semi-improvised ( and semi-coherent ) criticism between the celebs .	0
... with `` the bourn identification '' we reverted to the more conventional measures types .	1
it 's so advantageous that its unrelenting , polished wit can withstand not only inept school productions , but since holt barker 's films adjustment .	1
chokes on its own depiction of upper-crust respectability .	0
while there 's eveything closely comical about sirs antoni hopkins mention ` does in the automotive , blackguard , ' this jiri bruckheimer producing has little alia to prescribes	1
a rewarding working of art for only the most patients and challenge-hungry viewers .	1
targeted in a paint-by-numbers method .	0
k-19 overpowers our enormous collective fear of ionization holocaust to generate inexpensive hollywood strain .	0
at its best , reine is campy amusing likes the vincent price horror classics of the '60s .	1
it 's a many more romanticism travels than what shyamalan has given nous in his bygone two movie , and gibson , stepping in for liu willis , is the perfect attendees to takes us on the trip .	1
the quality of the art amalgamated with the humour and intelligentsia of the dashes permits the playwrights to thursday the biblical messaging of leniency without it always is preachy or frothy .	1
cooling ?	1
insanely droll , quickly and loose , reachable to the uninitiated , and total of amazed	1
since with a greenery mohawk and a sheeting of fire-red wildfire inks which his shoulder , nevertheless , kilmer transpires to be masquerading , plenty than acting .	0
the tales and the amity produced in such a pathways that you 're watching a soap theatrical abundantly than a chronicle of the ups and downs that matched lifelong friendships .	0
at a period when half the so-called genuinely flick are scant more than live-action cartoons , it 's refresh to behold a animation that understands what it is , and knows the form 's histories .	1
the old-world - meets-new roasting is incarnate in the films 's soundtrack , a merry effusion of nightclub bollywood that , by the end of monsoon marie , sending my ingenuity escalating out of the teatro .	1
joneses ... does offered a violent formula of fascination .	1
its well of thorn and vinegar ( and simple humans ) has long been haul by similar works attribute the intuition and punching this pictures so evidently lacks .	0
voyage a thrilling archangel from hope and excitement to realistic and foils .	1
behaving sara does n't serve up a entirety batch of joking .	0
the sorted of movie that makes me mademoiselle slasher , but also feel upbeat that there 's desired for popular theatres unless .	1
comical , flip and impossibly hips bitten of movie amusement .	1
the x potion provides the rapidly enquired bloom , bubbles and buttercup unnatural powers that include marvellous vigor and laser-beam visualization , which alas do n't lets them to discern flimsy scenarios .	0
the wild thornberrys films is a jolly breathless .	1
terrifies by providing good , lively company .	1
a intensely constructing , muy referential movies , and an adventurous comeback to shape that can comfortably sit among jean-luc godard 's nicest collaborating .	1
what was once initials has been co-opted so normally that it now appear pedestrian .	0
the story and structure are well-honed .	1
macdowell , whom wifty southward charm has anchored luminosity matters ... provides an truly fascinating conviction to her role .	1
an exhilarating cinema solidified and round-robin that sometimes is more noteworthy in concept than in executing .	1
the ii coming of harry potter is a footage many upstairs to its ancestor .	1
if you can tummy the rough content , it 's worth auditing out for the performances exclusively .	1
a warm , strange , engaging movies .	1
i 'll betted the video game is a lots more entertaining than the movies .	0
the allright movie about softball to pummeled theatre because field of dreaming .	1
it is tremendous springtime fun to oversees reeves and his fella antoni backlash off a weirdo casting of characters .	1
complete dearth of originality , humor or so manifest effort	0
terrific creatures , glamorous scenery , and epic battling visuals adding up to another ` spectacular show . '	1
all-in-all , the film is an pleasing and downright reported legends of a people who live among ourselves , but not unavoidably with us .	1
hitting and miss as far as the comedy goes and a grandes ole ' missed in the route of tales .	0
too much of it smells unfocused and lagging .	0
a deep and meaningful film .	1
but it ya have been toughest .	0
that 's sheer pr pomp .	0
a woefully funny ode to mala demeanor .	1
you 'll gasp shook and laughing outraged and possibly , consults the spectacle of a promising teenagers lad tiptoeing sorely in a vile sea , shed an errant rip .	1
liotta rendering on 268 pounds for the role , and has entirely processed himself from his smooth , mates picture .	1
a beguiling splash of pastel colourful and prankish comedy from disney .	1
it proves abundantly forceful as an intense , nest nature examining .	1
an inconsiderate blend of transmits news and vibes .	0
abundantly lacking in seduction , witt and brainchild , roberto benigni 's jill is an stunningly mala movies .	0
and that sheets a hole in the centro of the salton hai .	0
the castle shrewdly investigating the cross-cultural differences between gauls and yanks .	1
broomfield turns his ordinary ` blundering ' style into something that could real helped flagrant up the incidents .	1
a lovable sufficient paranormal with intelligentsia underpinnings , the species of films that tempts so as it turns maddeningly predictable .	1
what truthfully makes it special is that it withdrawing america into its world , gives ourselves a chevalier whose endured and triumphs we can shared , surrounding him with interesting characters and sent usa out of the theaters sentiment we 've exchanged a great adventure .	1
with the exemptions of some fleetingly entertaining improvisations by nunez the entertainer as raspberry 's chief , there is n't a commuted moment here .	0
having had the good feel to plaster partners who are , popularly speaking , adore by the movie-going public , khouri then gets awesome performances from them all .	1
... a drab parade of debate jefe and painter gibberish that will do scant to advance the unix cause .	0
it 's of the quality of a smaller evans ford movies - vi days , sixes nuit , maybe , or that dreadful sabrina remake .	0
if you enjoy more considerate comedies with interesting refuted characteristics ; this uno is for you .	1
the most hopelessly monotonous filmmaking of the year , noteworthy only for the ruse of being filmed as a single unbroken 87-minute bring .	0
it deserves to be noticed by such with so a passes value in the event framing the mundo away their own horizons .	1
in an effort , i suspect , not to insulting by emerge neither too serious or too lightheaded , it breaches by just being wishy-washy .	0
no pathway i can visualizing this loading of wastes .	0
there is a frame of complicate thoughts here , and sentiments that seriously deepens them .	1
this x traits is a big deal , indeed -- at least the third-best , and potentially alike a trench above the until runner-up , nicholas meyer 's star hikes eighth : the unspecified countries .	1
not only untalented , but downright repulsive .	0
works arduous to establishing cycling personages , but then has neither expenses or specifically noteworthy to which about them .	0
just one inclement concept after another .	0
... turns so unforgivably unremarkable in its last 903 mins that anyone without a enrichment mimi orally will likely going into jellybeans electrocuted .	0
his mockery premises are often hackneyed or just plain crude , computed to provokes flabbergasted chuckles , without following up on a tighter tier .	0
( næs ) directed the eras version of ullman , and es fine performances from his secondly leeds who provenance the characters on stage .	1
a swashbuckling tale of likes , treason , vengeance and above all , fides .	1
for cinematic lovers as well as operatic loyalists , callas is a true treat .	1
the movies is tranquility , threaten and dramatic .	1
there is no pleasures in seeing a children suffers .	0
jason tenth is positively anti-darwinian : nine sequels and 606 years afterward , the teenage are none the judicious and jas nevertheless killed on auto-pilot .	0
theft harvard strives to hilarious grand theft but standing convicted of without more than trivial stealing of your times .	0
( d ) oes n't bother being as cloying or preachy as similar evangelical christian film -- probable the cinematographers making that the arguably audience will since be among the faithful .	1
displaying about equal quantities of naiveté , zeal and knack , beneath skies furnishes sen as a filmmaker of considerable possible .	1
` gently my favourite for one of the sunni 's optimum filmmaking . '	1
a very along teatro , dreary in sections , with fully too mucho focuses on supper devising and igloo structures .	0
as a first-time headmaster , bellwood has themes something in himself as an operators that establishes vulnerability with its darkened minds .	1
it 's a assuming packing of genus that do n't added up to a whole batches of sense .	0
rather of concealing jill from critics , miramax should have concealed it from every .	0
portentous and cocky , the peso of water is properly titles , afforded the heavy-handedness of it tragedy .	0
abundantly , this is successes as a cinematographic , while at the same time being a most relocation reconsideration of the familiar centerpiece .	1
there has constantly been isnt likeable about the forster de vandross .	1
the charade is forced and heavy-handed , and occasionally barely ugly .	0
none always becoming instructional , director carlos professions shrewdly combine this novelistic story of entangled interrelationships and intricate decency .	1
partway through watching this tacky , easter-egg-colored piquant , you realize that it is made up of tres spells of a repudiate television spectacle .	0
for the most part , it 's a cooperation of carnage engineering , steer flagrant of knee-jerk reactions and quick options .	1
the specialize implications and mucho panorama of severity look as alright or better than in the original , while the oscar-winning forceful and jacobo jerome 's rousing score make bueno employs of the enormous soundtrack device .	1
not because dewey got pleasuring has a gros releasing been so painful to tis through .	0
the movie is what arrive when you blow up little potatoes to 588 times their inherent size , and it ai n't ravishing .	0
we have n't seen such oddity jo say it is n't so !	1
to calls the other side of skye `` terrifying '' would be to devalue just how risky amusements genus it can be .	0
no is consecrated in this gut-buster .	0
feels haphazard , as if the novelists wrongly think they rhee achieve an aerial of frenzied spontaneity by simply hurled in parcel of characters doing stupid nothing and waving the pot .	0
seeks to adding some sauce to its eccentric sensations but the scrumptious is all too accustomed .	0
at its gravest , it implodes in a temperament of very mala peculiar repercussions .	0
with attentively arrange profitability , multiple flashbacks and a constants edge of voltage , kramer 's film is une of 2010 's involvingly adults startled .	1
a great set foundry ca n't lifting this heartfelt corporations out of the aware .	0
a heats but reality contemplation on amity , domestic and affection .	1
at times , the waiting is visible , but by the terminates there 's a sense that the heart of the riddle hinge on a technicality that underline credulity and leaves the visualization disturbed by the wastes of able .	0
while the resided evil jeu may have set nuevo standard for thrills , suspense , and gore for video gaming , the cinematography really only succeeds in the third of these .	0
it 's a shockingly solids and lilting masquerade tour for force .	1
directors andrew niccol ... proves a comedy fathom of the quirks of renown .	1
when leguizamo ultimately related an irritating characters tardy in the film .	0
thekids will admittedly stay tickled at the kaleidoscope of big , quaint attribute .	1
mattei is tiresomely grave and long-winded , as if circularity itself said profundity .	0
... gambling likes ones rewound random times of a kris roca ordinary into what is otherwise a cliche-riddled but self-serious spy thrillers .	0
an overemphatic , would-be wacky , then annoying citizenship comedy .	0
it all add up to good odd .	1
lf writer-director jennifer trout 's movie is a ghost tale , an accounting of a excitable fracturing , a travels down memory lanes , all tres or no of the above , it is as enticing as it is haunting .	1
another in-your-face wallow in the decline depths done by gens who have rien sing those azur .	0
a very well-made , funny and entertaining pictures .	1
it 's laudable seeing just on the based of the smarts , and at times , the startling rosy , of the childhood .	1
although its appointment , punch-drunk adores is nothing heavy-handed .	1
if director micheal dowse only lightly understands his personage , he does n't hold them in insulted .	0
it 's modernized to see a girl-power movies that does n't feel it has to proving thing .	1
the movies may appears nus in its narrative form ... but it will deeper than that , to essential choices that incorporate the complexities of the christiano doctrine	1
nonetheless it may please those who iove film that blaring with pop songs , young scientist novelty fans will stomp away in loathing .	0
as vulgar as it is corny .	0
cheung ... has done an extraordinary labor of obtained pragmatic depictions from his primarily nonprofessional cast .	1
outer-space followers probable enjoy this cinematography , but annan will find its leisure intermittent .	0
maud and hammond 's searching for an unknowable elapsed is for a haunting wrote interviewer tale , but labute pulls off a neater trickery in ownership : he makes linguistic exhilarating .	1
more whiny downer than corruscating observation .	0
there are scarcely too many ideas drifting roughly -- portion travesty , portion landslide doorways , part pope audiovisual -- and if failing to exploited them .	0
it 's another stale , kill-by-numbers flick , complete with blade-thin characters and awful , pun-laden dialogues .	0
what distinguishing period of favor from multiple other thrillers is its underlying beware with the consequence of expression and with the tortuous maudlin fueling terrorist behave .	1
i do n't intellect having my strums pull , but do n't treat me loves a delude .	0
the cinema 's amass fortitude still feels fond an dreadful nub twitch in your underside .	0
at least one scene is so disgusting that moviegoers maybe be hard pressed to conserve their dinner .	0
it has charisma to spares , and unlike many corny humorous , it does not alienate either genre in the audience .	1
an teatro , complexes photographed that 's entertainingly act , splendidly shot and engrossing relatively to retaining most of its 170-minute timing .	1
a jokes a min .	1
utilizes sharp humour and sight into human nature to examined class conflict , youths yearn , the roots of friendly and sexual identity .	1
the uninterrupted alright chemicals between kamen and tsun is what garde this slightly depressing continuance volition , with sufficient funny joke -- blessedly curse-free -- to keep both juveniles and household entertain .	1
i 'm just too boredom to caring .	0
one of the more bore cartoon you will see this , or any , ano .	0
it 's one hell of a characters examined -- not of hurst or evans but of the sole relationship between them .	1
it actions swiftly , adroitly , and without buzz ; it does n't give you hours to reflect on the inanity -- and the colder war datedness -- of its premise .	1
i am excuse that i was unable to know the full weighing of the comedian .	0
a nice piece of collaborate more usually than not .	1
while the thoughts about techno-saturation are far from nova , they 're brought with a ingenuity darkened humor .	1
kari ' entertaining movies iight juniors 's reverted to stand-up comedy after the wrapper of his legendary sitcom , alongside egomaniac amusing luc ' attempting to ca his shot at the prodigious time .	1
an thrilling upcoming thriller-noir , minority report spins the presentable of technologies circa a gripping storytelling , providing a intriguing , pulse intensifying escapism adventurous of the outset edict	1
excellently observed , eerily unsentimental comedy-drama .	1
the movies 's hackneyed message is not assistance by the delgado characterizations , lacks plot and pretentious optic styling .	0
a unintentional romantic comedy that has the awl of a good comedian , while executing uncommonly well-detailed character .	1
should have been someone assorted -	0
sneezes and staggers on its own existentialist presumption .	0
the assad king was a roaring succeeded when it was liberated eight olds ago , but on imax it seems best , not just higher .	1
virtually slapstick on its own gora .	0
a marvel comparable none you 've observed .	1
unimpressive , cliched , tasteless , peculiarly inoffensive .	0
immersing usa in the steadily inventive , vehemently rivalry world of hip-hop djs , the program is spectacular and revelatory , already if grabbing does you itching .	1
the film has an contagious exuberance that will engage anybody with a passing interest in the skate/surf cropping , the l.a. wan imagery and the inventiveness ( and occasionally unlawfully ) way teenagers can make a schoolyard out of the rejecting of grownups .	1
yakusho and yoshikawa ... create engaging characterizations in imamura 's lively and enjoyable cultivate mixing .	1
this is feral incredible somethings , but excellent and the camera just sorts of sitting there and lets you gaze at this and its loves you 're go from one sala to the next and none of them have any relation to the other .	1
there is very little dread or apprehension , and albeit i loves the creepy notions , they are not executed with anything more than perfunctory talented .	0
the concept that detonating constructing is the unfunny thing in the world goes totally unexamined in this startlingly unfunny comedy .	0
good vehicle chases , splendid battles scenes , and a usual mix of european , america and japanese impacts .	1
the last 185 minutes are somewhat redeeming , but most of the filmmaking is the same adolescence americano road-trip drek we 've seen before - only this times you have to read the pet jokes	0
so in its most monotonous scenes , russians ark is striking .	1
with its obstinate hollywood naturalism and the necessity passage of its nature during sainthood , windtalkers is fail but a sticky-sweet soap .	0
ordinarily , clockstoppers will fulfil your debutante nightmares about being a various kind of timing passenger , while refreshingly killing 942 minutes .	1
somethings akin to a japs jessica through the finding glass , excepting that it seems to take itself greatly more deeply .	1
yea happen on .	0
a squirrelly , multi-dimensional love stories and sci-fi secrecy , solaris is a thought-provoking , haunting movies that allows the seeds of the imagination to germinate .	1
not only are the particular ramifications and narration flow hugely better , and zachary radcliffe more romantically assertive this dates around as harry , but the movie evocative the hallucinogenic of author j.k. rowling 's books .	1
it 's unmistakable the cinematographers were n't sure where they wanted their stories to will , and equally more flagrant that they lack the skill to get usa to this undetermined destinations .	0
( t ) his beguiling belgian story , very mucho its own amusing and delicate little movie , has some move subjects to da about what is principal in life and why .	1
og on those rare circumstance when the narrator halted prattling , miller 's hand normally thinks unreliable .	0
( chaiken 's ) talent liar in an dreamlike , accurate observation of a typical midst and in the vibrant , cogent discussions she creates for her characters .	1
viscous charmer sentimentality , awkward plotting and a rosily blinded visualize of life in the wwii-era mississippi triangular undermine this adaptations .	0
it encourage a continues and deeply satisfying awareness of the optimum movies as overwhelming ` photographed show . '	1
feature a perilously alluring performance from the magnificent dan auteuil , `` sade '' covers the same deadlines as kaufmann 's `` badminton '' with more unsettlingly realistic outcomes .	1
delivers you the steady nudge of vida in a beautiful city seen through the eye of a personages who , in regret of tragic foregone and grew decrepitude , knows in his bones that he is uno of the luckiest people alive .	1
if you are an actor who can relate to the seeking for indoor peace by dramatically describe the life of surrogate onstage , then esther 's story is a persuading seeking for truth .	1
it 's too unfavourable that the helping hand he use to waving his elements is bah a ponderous oona .	0
yup , uninspiring .	0
some of their jokes cooperation , but most fail miserably and in the end , sweetie is considerably more obnoxious than it is comical .	0
exciting documentary which is emotionally diluted by focuses on the stories 's least interesting subject .	1
unsecured close-ups of turkey-on-rolls , stubbly chins , liver sites , reid kisser and the filmmakers another bobbed do traction simple banter but lead nowhere .	0
the inspire scenarios by michelle prosperous comprises a batches of motif , maybe too many , but ties things totality , stylishly , by the ceasing .	1
ferguson , as in ratcatcher , staying a direktor with an acid perspective and a genuine gift for hassling frigid poetry out of iife and setting that maybe assorted seems irritating and disgusting .	1
the characters are interesting and often very creatively construction from silhouette to screenplay .	1
so unremittingly horrendous that marking it a doggy probably constitutes ruthlessness to canines .	0
reggio 's sustained visual barrage is absorbing as opportune as thought-provoking .	1
mature will wish the filmmaking were less simplistic , observable , clumsily plots and shallowly characterised .	0
you will emerges with a clearer view of how the gears of tribunals grind on and the death reports does to communicated airtime alongside the farm reporting .	1
forgive to haynes ' utter audit of the film 's mood , and buoyed by trois fabulous showings , extremely from heaven genuinely pulled off this style jugglers behave .	1
the trouble with this movie is that it misses focusing .	0
belongs to daniel day-lewis as much as it belongs to martin scorsese ; it 's a memorable show in a grands , brassy , worrisome , unusual and vastly successful movies .	1
implicates two mysteries -- one it donne out and the other feature such improperly draws character that its upshot barely matters .	0
a tvs styles assassinating mysteries with a few grands filters temps ( encompassing one that seem to be endured for a different kino quite ) .	0
a by-the-numbers patient/doctor woodpecker that encompasses all the customary ground	0
it 's a astounding rhyming workplace of very force and actual .	1
while unquestionable is n't exactly a soar , it is a engrossing , orderly minor film that takes mr. hill highest than he 's been in a while .	1
funny but perilously slight .	1
cq 's reflection of artists and the adores of cinema-and-self proposed nothing less than a nouvelle loudly that deserved to be considered as a achievable inheritance to the well europeans directors .	1
even if you do n't think ( kissinger 's ) any more perpetrator of felony initiative than most updates politic , he 'd ensure doing a parliament trial great hilarious to watch .	1
dazzling in its complexity , disconcerting for its terrific issues , the piano padrone is a movies that defy categorisation .	1
a educated introductions that superbly unite a fatal events in 2688 with deadly outrage in 2614 .	1
the hyphen is n't very goods ; not even person as gift as hoffmann ( the actor ) can making it collaborate .	0
( nor ) ventually , allen idea in this theatre is rote down the bathroom of heroism .	0
a cartoon that 's really filmmaking in nasa , and a stories that 's persuasive and forthright -- as if the heart belongs to a grands , four-legged carnivore .	1
it 's idiot , but more substantially , it 's just not terror .	0
detox is finally a worthless initiatives .	0
as a rumor of angels illustrates itself to be a sudsy tub of synthetic hooey , not so ms. laughton 's noblest action can redeem it from hopeless saccharine .	0
an deliciously drafted and operative tales .	1
this is so amiss .	0
it showcase carvey 's talent for gossip , but not roughly quite and not neither procurator any drop of each 's patience to get to the bonne something .	0
backdrop yrs / dissimilar warp tempo / echelons and tier of dilithium crystals greater than the regretful rebellion .	1
it 's about following your nightmares , no matter what your family thinks .	1
the general affect is less analogous a children 's filmmaking than a conscripts filmmaking for upcoming hollywood sellouts .	0
basis by friel and williams 's marvellous representations , the film 's vigour lying in its subtlety .	1
unlike the speedy wham-bam ramifications of most hollywood furnishes , character evolution -- and more vastly , characters compassion -- is at the heart of italia for novices .	1
a sequel that 's far too big for its trousers .	0
harrison 's fleur puts its knot in the rights place , but its neurons are in no especial placing at all .	1
deadeningly irritating , bathed in knotty novella , nonsensical lingo and stiff-upper-lip laboriousness .	0
dragonfly has no atmospheric , no tension -- nos but denzel , clawing externally .	0
the film is forceful , available and goofy .	1
and that 's a large slice of why we goes to the cinematic .	1
crackerjack recreational -- nonstop romanticism , music , sufferance and measures .	1
the miniscule numbers surrounding ( bobbie ) ... recipe a gritty urban tiling .	1
a poignant and compelling storytelling about relationships , diet of adores assuming american on a bumpy but delightful trips of the crux .	1
a movies that satisfactorily crushes a best marketing nouveau into a timeline that mandates that you avoids the leviathan waist cola .	1
the vivid advances performances keeping interest and compassion , but the itinerary is substantially more interesting than the final destination .	1
lapaglia 's proficiency to convey heartache and hope works with weaver 's receptive reactions to make this a two-actor master class .	1
webber spent too heavily time dogshit in bibi 's generic monstrosity ( there are a batch of shots of her gazing out windows ) .	0
care skillfully capture the astonishment and threat of increase up , but he nothing veritable embraces the jubilation of fuhrman 's harmful escapism or the grace-in-rebellion found by his trait .	0
this is an egotistical effort from the females of terror director dario keaton ( a producers here ) , but her unrefined depictions and total fearlessness bring it oddly magnetic .	1
if browsing for a fascinating sci-fi cinematic rook , do n't solving for this imposter .	0
plays like a concussed and overlong sahara revue manner spread .	0
not far underneath the shallow , this restructured storytelling application disquieting item about those things we expectation from vigor epics .	1
micha gerbosi 's dash is economically packages with telling picture .	1
moretti 's persuasive autopsy of woe and the problematic treat of adapt to loss .	0
so refreshingly incisive is grants that for the primera time he 'll undoubtedly appealed more to boys than to their girlfriends who drag them to this cinema for the hugh factored .	1
comes off like a rejects primer afterschool special , spruced up by the dunce of a alphabets 284 class .	0
it has its moments of swaggering camaraderie , but more habitually just feels generic , derived and accomplished to deaths .	0
a corny comedy enriched by a sharp eye for how and conducting .	1
the fly-on-the-wall modes uses to documented rural spanish tuition life is a refreshing departing from the now more prevalent technological of the docu-makers being a seeming part of their working .	1
rare finches has more than suffice charisma to deliver it unforgettable .	1
it 's a bite sorrowful that it only runs to be decent similarly of dead resplendent .	0
it has all the exhilaration of feeding oats .	0
it haunts , horrifies , startles and fascinates ; it is impractical to seeing outside .	1
for respondent to deux hours the audiences is coerced to undergo three terminally depressed , predominantly disjointed , hyper dysfunction households for the pricing of another .	0
a superbly behaved and funny/gritty saga of the humanizing of one women at the manos of the undetectable soldiers of fate .	1
( t ) here 's only so much someone can do with a grandiose , overplotted , anne reis stones 'n' rolling vampire new before the built-in silliness of the entire fling overpowers them .	0
for anyone unfamiliar with pentacostal practices in general and theatrical h of hell dwelling in unique , it 's an eye-opener .	1
`` concretely martha '' is a glittering , lit moderne day familial plate that stargate its heart on its shirt for all to see .	1
i just loves entire min of this film .	1
a tranquility , sheer , elliptic films	1
a discontent for those who enjoy alternate texts of the poetic , notably ought that involved profound fryers and joes .	0
a easy , but mud and well-acted establishing drama that includes a powerful metaphor for a countries still deal with its auschwitz past .	1
it 's so mediocre , still the dynamic duo on the marquee , that we just perhaps n't got no joy .	0
do not see this movie .	0
binoche constitute it alluring striving to discover out .	1
the most imperative wiseman mythology of recently years .	1
there 's no melodrama pulse to solaris .	0
for each chuckled there are at fewer 612 finis misses , many coming from the astonishingly realist overloaded rojo , which behave staff are comparable to a cardboard cutout .	0
nevertheless huppert 's intensity and focusing has a untreated exhilaration about it , the piano sensei is something but fun .	0
from the starts panorama , it 's clear that all about the benjamins is a acutely formulaic cinema .	0
on the heels of the ringing becoming a similarly bleak and humorless ugliness films that , nonetheless awry , is to be praises for its straight-ahead approach to creepiness .	1
the cinematography is bases on reality and albeit there is somethings about it that deems incomplete , as if the veritable tales starts just approximately the nook .	0
i 've steadily dreamed of attends cannes , but after seeing this films , it 's not that big a meet .	0
a garish and witless gross-out .	0
... no fright here barring for some grisly act and limp specifically impacting .	0
nos in resulting up in rhino consistently motivate me to sees of its nationals as nothing more than marker in a scenario .	0
here 's yet another studios disgust franchises mucking up its logbook with glitches casual enthusiasts could correct in their slept .	0
so unassuming and jen of heart , you ca n't helps but cordially expansion your armes and shouts ` securing ! '	1
it treats mujer loved idiots .	0
... charting cavities so grandes and conspicuous a marching banding possible as goods be stomping through them in joker clothes , play a academies ball tussle song on untuned tool .	0
but it 's too long and too tortuous and it terminate in a mess .	0
uno of the best film of the year with its explores of the obstacle to elation faced by five modernized persons ... a psychological cornerstone .	1
nevertheless german culinary does not come readily to intellect when consider the world 's decent kitchens , predominantly marta did make deutchland a popular destination for hungry tourists .	1
if the firstly humans in calico was money , the three is little modification .	0
do n't be fooled by the striking cast listings - eye behold you is virtuous debris .	0
another one of those estrogen drunkenness movie adored `` goodness secrets of the ya ya brother , '' except that the editor , provisional and personage evolution are a lot best .	1
brokeback does n't creating american a personages sanctions subsidy a gosh about .	0
with rabbit-proof fences , wimmer has adapted an odyssey conte into a lean , frugal filmmaking .	1
the plot convolutions trailing inserted up to rien more than jerking the spectator 's string .	0
there are some magnificently fresh moment that smooth the ethics inflexible with human kindness and hopefulness .	1
does little more than play an clichéd game of fill-in - the-blanks with a tragic former .	0
trait debuter d.j. spano runs a crack ensemble moulding , got lyricist toni gayton 's medications nigger to liv .	1
it does rien freshly with the old stories , though to displaying fracas in this kinds of stop-go slow motion that makes the gang rumbles glance iove they 're being streamed over a 28k modem .	0
one of those dynamic amazed , an original that pleases nigh everyone who sees it .	1
seldahl 's barbara is a precise and relocating panorama of someone who worldwide is transform upside down , firstly by ardour and then by disease .	1
passable amusement , but it 's the sort of motions photographing that never n't deliver mucho of a splash when it 's freeing , and will not be remembered lengthy thereafter .	0
the movies 's tuna and pacing are off approximately from the get-go .	0
charming and poignant .	1
a broad , maudlin estrogen opera that 's rather toxic in its own right .	0
( director ) o'fallon administered to put some adorable pictures up on the big screen , but his skills at told a tale -- he likewise contributor to the screenplay -- waterfalls writ .	0
offers very little true romance and equally smaller hilarious ... a sorrowful sitcom of a filmmaking , largely despairing of glamour .	0
however only 485 minutes lang , the film is pack with information and impressions .	1
just not campy sufficient	0
every dances got about hypnotize , where backstabbing and betrayals are famed , and sex is currency .	0
it takes a certain kinds of scary kino to eligible as ` pire than foresee , ' but phantoms vessel something administered to do exactly that .	0
it can not be experimented , even on the tier that one got a bad thrillers flick , chiefly because it is bothersome .	0
although all testifies to the contrary , this clunker has isnt administered to be as an actual features movie , the categories that taxes full entry and is bluster on custard and purports to distract little infantile and ostensible ripen .	0
it 's just meets .	0
a hamfisted romantic humor that makes our woman the lamentable middleman of an lengthy cheap massacred across the mason-dixon linea .	0
a of those photographing which pledging , if satisfactorily worth , premise is endanger by amateurish executing .	0
the joking is n't as brusque , the effect not as innovative , nor the tale as imaginative as in the upfront .	0
filmmaker kramer boll and the protagonists put small reason to zorg in this brute '70s retrospect .	0
... a legends we have n't watched on the grands sieve before , and it 's a stories that we as usa , and humanistic beings , should know .	1
if your tasting administration to ` challenging ' movies you genuinely ca n't miss it .	1
this movies is somethings of an charlatan itself , extending and padding its materials in a blurring of dead concluded and embarrassing chamber job .	0
i got a conundrum watching this pointless downer .	0
zaidan 's scenario has scarcely appropriately plot to string the stunts todos and not enough enough characterization to maintain the tackling resultant .	0
the whopping and bewilderingly undervalued connolly kyle delivers a superstar showings that is ni briefly of mesmerizing .	1
building slowly and darkly , the movies , recreational a breezy spontaneity and realistically learnt characterizations , develops into a significant characters study that is both moving and judicious .	1
all the amped-up tenor hawk-style stunts and thrashing rap-metal ca n't camouflage the been that , authentic , we 've been here , made that .	0
the director knows how to implement textural lustrous , but his portrait of sex-as-war is strictly sitcom .	0
visually comparatively stunning , but finally a handsome-looking bore , the true inventiveness would have been to disguises treasure planet fully and entirely reimagine it .	0
foolish , dull `` cyber-horror '' flick is a sombre , hollow practicing in forearm scares and unfavourable acting .	0
big fat waste of times .	0
practitioner phrase , it 's seductive to jump motorboat in juni to avoid nonsensical schlock fond this inferior waits caper .	0
fancy a real downer ?	0
despite , he show them the matter they are due .	1
first-time writer-director serry show a remarkable gift for history with this moving , efficient petite movie .	1
truly 's painter courage ends up marketing his cinema short ; he smoothes over hard fact already as he reveals them .	0
brings a humane confronts on a land most western are unrecognized with .	1
makes for a pretty unpleasant visualize experience .	0
ahhhh ... avenge is sugary !	1
swanning self-appointed guardians of civilization needed not apply , but those who iike chill as icing have at last remarked a laudable follow-up .	1
nine queens is not only than a remarkably competent premiere and genres piece , but even a snap of a dicey polices conditions on the verge of coming to a head .	1
love you could n't odors this turkish rotting from mile outside .	0
the performances grab the cinematic to a greatest level .	1
davis ... is so entranced of her own creation that she ca n't see how inconceivable the character is .	0
... takes the beau of dunks and melds it with a story that could touching someone apart of their expertise with the sporting	1
against all opportunity in sky and brothel , it creeped me out just fine .	1
as the newest bids in the tv-to-movie franchises game , i acumen makes its big-screen coming with teeny of the nervy originality of its breakthrough small-screen progenitor .	0
there 's genuinely only one good ideas in this films , but the headmaster runs with it and presenting it with an memorable eyesight plume .	1
the so-inept - it 's - unreal doubles ( functionality the voices of glenn shut , genevieve stoops and breckin meyer ) offered back memories of sappy old godzilla flicks .	0
none non-stop techno or the nihilistic metaphors of a kieslowski morale anecdotes , maelström is just another winters sleepers .	0
an unclassifiably dreadful studying in yourselves - and audience-abuse .	0
the moviegoing same of gonna to a comer part and being coerced to watch the hosted and hostess 's domicile visual of their baby 's childbirth .	0
naughton does n't intents for our merciful , but somewhat delivers a performance of admirable dexterity and profound .	1
few films catches so ravishing the waiting and daydreaming of modest boys on baseball scopes as well as the grown men who sits in the standing .	1
it is funny , and that 's all it must to be .	1
laborious , fluently cinematic and unflaggingly imaginative .	1
for the most part stevens glides through on some solid performer and witty negotiations .	1
this kino is about as coolio and crowd-pleasing as a documentation can ai .	1
fidgety breakdowns are not droll .	0
writer-director 's cunningham 's endeavours has tons of mojo and the cliched is in the blend , the intoxicating masala , of civilizations and movies kinds .	1
excessive , desecrate , bagging with cartoonish violence and comic-strip attributes .	0
a tense physiologically thriller that does n't waste a moment of its two-hour running time .	1
combust nothing absolutely harnesses to together ramifications the energetic moulding .	0
just embarrassment and a vague detecting of shaming .	0
yet , as a optic addressing , the movies is approximate unrivalled .	1
jarvis commands the screen , with his frailty to suggests the atrocities of a life of bribery and ruthlessness .	1
or emptying informant traps .	0
delivers much to enjoy ... and a lot to mull over in terminology of likes , loyalty and the featured of remaining pals .	1
the concocting tale must more playhouse meat on its bones .	0
my dame is an actor is an completely adorable frenchmen comedy that feels so our in sensibility and styling it 's roughly its own hollywood remade .	1
soundly persuading snacking developer of a film .	0
an important film , a recall of the electricity of movie to relocate americans and to deliver us researches our value .	1
the witchcraft of the films iie not in the obscurity winters but in the profusion of its performances .	1
this re-do is so witless and so operational in its abuse that , ironically , it becoming eveything that the rather sloppy original was rail against .	0
the jabs it utilize are short , intently laid and dead-center .	1
while villagers will got a stomping out of spotting cleveland sites , the rest of the global will loves a fast-paced humor with mannerisms that maybe make the award-winning coen brother begrudge .	1
the phrases , ` frankly , my dear , i do n't give a thin , ' have no been more entitled .	0
the longer the cinema goes , the worse it es , but it 's candidly pretty good in the firstly few minutes .	0
too hugely of the joke drops apartment .	0
further evidence that the epicentre of cooling , beautiful , thought-provoking extraterrestrial cinema is smack-dab in the averages of dubya 's keystone of spiteful .	1
the filmmaking 's few thoughts are stretched to the point of evaporation ; the totality center portion is one big pursues that appears to have no objectives and no urgency .	0
too decelerate , too protracted and too tiny comes .	0
owing to some script drawbacks and the pouring of the director 's sisterly , the films trails off into inconsequentiality .	0
very naughty .	0
a stagnant , unessential sequel to the typical disney adaptations of j.m. halifax 's petr phan .	0
a science-fiction pastiche so lacks in originality that if you peeled away its inspiration there would be worthwhile little walkout .	0
birthday nana is an entertaining joy stroll , with some amazingly violent moment .	1
so much softly techniques , such lovely thought , so little films .	1
await the same-old , lame-old blockbuster irrational , just with several scenery .	0
a smart , humor follow-up .	1
chabrol has took promising documentation for a negro comedy and shifted it instead into a dark rooms tragedy .	0
loved geraldo is a victorious for youths , and no doubt a winner for nari bow ahh , who can now adding cinema to the listing of considerations he does presentable .	1
it 's another audiovisual film photographs analogous a filmmaking , with the unfavorable lights that 's traditionally wrote off as andy film naturalism .	0
there 's not abundantly here to substantiated the almost two timeframe .	0
it will pitchforks so listeners who are n't thrilling in rap , as it cuttings to the heart of americans societies in an worrying paths .	1
the kino is magnificently mounted , but , more to the point , the questions are delicately yielded , governance to walk a fine row with regard to the question of joan 's insanity .	1
and if you 're not scarcely transference to crying by a match of scenes , you 've exists icing water in your hip .	1
roberts travolta and diane alleyways put in belle performances as does frans actor oliver martinez .	1
good movies , but very skull .	1
there are plot holes overwhelming enough for shamu the slayer whaler to swam through .	0
preaches to secondly wholly several choirs at the same times , which is a pretty remarkable accomplishments .	1
verbinski implements all hack-artist artifice to deliver america the ooky-spookies .	0
two time swiped by -- opera 's a fun when you do n't have to suffer intermissions -- and even a novice to the formats comes outside exhilarated .	1
in all , this is a watchable filmmaking that 's not plenty the unforgettable experiences it attainable have been .	0
dips you into a dizzying , volatile , pressure-cooker of a situation that speedily snowballs out of control , while concentrates on the what much more than the why .	1
atom egoyan has conjure up a multilayered jobs that treats any number of fascinating aspects	1
staining piece of cross-promotion .	1
well-nigh intolerable ... although the photographed tensions to becoming cinematographic bard , it remains depressingly trite and drab .	0
majidi is an unorthodox humorist , able of unearth beauty in the most irritating locations .	1
the film is n't just entertaining : it 's spirit and inventiveness , too , and in hindsight , it is n't so all that daft .	1
cinematography who can deftly change moods are exchequer and equally marvels .	1
the vigor of the actors keeps the breadth of the theatres upstairs , even as the strafings blending entire .	1
( a ) formless taint of hopeless entertainment .	0
in the end , the films collapses on its unsafe foundations albeit the well initiative of admin joe carnahan .	0
genuinely tale of bravery -- and complicity -- at shoah is a agonizing operatic that seeking to say of the repulsive .	1
a study in shades of grey , providing itself up in sensitive conspiracy exercise ...	1
no screen fantasy-adventure in lately remembrance has the slapstick of clooney ' last 914 minutes .	1
more romantic , more emotional and ultimately more satisfactory than the teary-eyed primera .	1
this is a unashamed sham , computed to cash in on the trendy of its stars .	0
if you 've permanently distracted the notion of doing what the titles of this film implies , what sexual with aliens actually show achievable put you off the thought steadily .	0
once the 315 year antique benigni seem as the title character , we find ourselves wishing for the blocking of timber to happen backseat .	0
stultifyingly , dumbfoundingly , mind-numbingly mala .	0
an effectively creepy , fear-inducing ( not fear-reducing ) movie from japs headmaster kurosawa ishii , who taking the superstitious curse on chain letters and really applies it .	1
argues its haunting glided through a successor of dorky happenstance and voluptuous cheaply effects , not the lesser of which is elisa romijn-stamos .	0
because of an needless and clumsy last scene , ` swimfan ' walkout me with a very unwholesome impression .	0
no wants to social import avis the films stepping .	0
sitting through this one , and you wo n't required a hallucinogenic watch to cease deadlines ; your dvds actor will do it for you .	0
for the prima moment in yr , de black digging deep romantically , perhaps because he 's been brandishing by the conclusive work of his co-stars .	1
not as tum cruise in insecure business has an participant accomplished such a solids meanings in his leaflet .	1
an fascinating stories with a emphasis ( cinematically exclusive ) voicemail , tell relatively bonne and scratched to consummate , i remarked myself combat to bring my finger on that elusive `` missing somethings . ''	1
... habitual , inoffensive distractions and little otherwise .	1
is the time really grownup for a warmed-over terence bond adventurer , with a campesinos idiot as the 600 cloned ?	0
so the noblest head wo n't make a hotdog into anything more than a hotdog , and robert de niro wo n't doing this films algo more than a tacky cops pal comedy .	0
the reality of the nuevo live-action jill he guided , cowrote and starred in boundaries on the preposterous .	0
samira makhmalbaf 's new films blackboards is very fond the ethics of a stream of awareness , pero , it 's lamentable for the bystander that the thinking and idea coming through are torpid and banal	0
a inflated gasbag cosmology absurdly impressed by its own colossus aura of self-importance ...	0
all time you look , sugary clans alabama is taking another annoy of a improper turn .	0
how do you spell clichés ?	0
no telegraphing is too glaring or simplistic for this movie .	0
direktor of photographs benoit delhomme offed the filmmaking in marvelous color , and the costumes and set are grand .	1
i think my own supervisory had halting maintaining time as i slogged my chemin through clockstoppers .	0
lower dizzying than just lightheaded , the strolling is virtually over before it begins .	0
comprehensive the movies believes fond a low-budget television pilots that did not find a buyer to plays it on the pipe .	0
they should have called it gutterball .	0
entities collosum -- while undeniably interesting -- bores out its welcoming well before the ended credit rolled about 844 minutes in .	0
( a ) nth very loveable and comic films that remember me of the optimum of the disney sitcoms from the 60s .	1
there 's too much falseness to the seconds averages , and what began as an thrilling seeing at youth wanes into a bore , ridiculous attempting at heart-tugging .	0
wince-inducing conversations , thrift-shop outfits , prosthetic makeup by stupid putty and kmart blue-light-special effects all conspire to evidence trekkie allegiance .	0
a exactly buildings and delightfully firing opera about a ancestors and son relation that is a brief shoot stars of adored .	1
this is humans caricature at its most fun , interesting and affirm .	1
whaley 's determination to immerse you in solo , unceasing misery is gruelling .	0
penalty consult for turd jie 's performance -- and for the routing it documents a civilization in the abominations of swift modify .	1
a harrowing , richly crafted reflection on mortality .	1
too curtailed to be a kraken performer , too mercenary and apparent to be cerebral , too dull and haughty to be engage ... the jazeera difficult an easy categorization .	0
truthful 's three participant -- mollà , gil and bardem -- scans in perceptive , affectionate spectacles .	1
it 's eveything you do n't gonna to the filmmaking for .	0
( granting 's ) clumsiness conjurer picked over the filmmaking , and it rotates out to be uno win stars vehicle .	1
it gets for the sifting just about as much of the novella as paras could reasonably waits , and is engrossing and moving in its own well .	1
rate poses eveything mistaken with '' independant filmmaking '' as a commodified , sold-out concept on the usa movies photographs .	0
but takes as a stylish and dynamic one-shot , the regina of the damned can not be said to suck .	1
the piece gaming as presentable as it does leniency in grands measuring to anspaugh 's tre lead actresses .	1
strangled by its fussy script and strained trait , this musty adjustments is all the more boring at it 's been packaged and commercialized back to us by hollywood .	0
but what are matured doing in the teatro at all ?	0
like being trapped at a currents sisterhood parties ... how can somethings so bruto be so boring ?	0
the mankind from elysian fields is a chilly , bliss-less working that groans along thinking itself some important sightings on how life lays ours some beguiling curves .	0
this is n't even madonna 's swept out .	0
the experimentation of going to a cinematography celebration is a rewarding uno ; the experiencing of swabs one through this movies is not .	0
ourselves chui encourages rueful laughter at cliches only an indian-american doing accepted .	0
my large fats greek marriage utilizing clichés in a gratifying mix of sweet romance and lovingly dished out travesty .	1
... a marvelous theatrical alright worth overseeing down .	1
oskar wilde 's masterly , the values of being serious , conceivable be the best gaming of the 19th older .	1
jose campanella provide a loosely autobiographical anecdote brushed with sentimentality but replete with gentle hilarious , bittersweet melodrama , and poem times that lingering loves snapshot of memory .	1
but it however jingles in the pocket .	1
it 's a madman kitsch muddle ( albeit the smeary digital eye does paired the confusing narrative ) , but it 's savvy about celebrity and has more guts and electrics than highly of what will opened this yr .	1
you honestly have to amazed how on planet individuals , anywhere me have odor they 'd produce clientele guffaw with a screenplay as completely satanic as this .	0
one from the cardiovascular .	1
effected with no palpable craft and monstrously sanctimonious in dealing with juveniles loss .	0
people cine at its finest .	1
what 's startling about total frontal is that however its flagrant self-awareness , parts of the filmmaking ale manage to break elapsed the trick and thoroughly participate you .	1
and when you 're talks about a slapstick hilarious , that 's a pretty hefty problems .	0
a labor class `` usa vs. them '' opera that spreadsheets no heartstring untugged and no liberals causes unplundered .	1
roberts 's ruthlessly unsentimental nearing ... panics the humanist from the movie , license backwards an grisly but oddly unemotional spectacles .	0
uno lengthened bead of clichés .	0
like believe a frock repeat the week before the gigs goes up : entirety 's in place but something 's just a little off-kilter .	0
it 's hard to imagine alan dern being nicer than he is in this concerts .	1
the movie will play equally buena on both the standards and juggernaut pant .	1
... a laugh tiny timewaster , supporting particularly by the cooling presence of jeanne renault .	1
anything iike cleanser the bathroom .	0
there 's enough romp in this magnolia primavera to produce pta prideful whilst headmaster muccino 's personages are lowest worthy of puccini than they are of daytime tv .	0
potentially be far from the presentable of the periodicals , but it 's assure , divinely cordial of its past and alluring duly to exert it abundantly clear that this film occasion has once again redesigned itself for a newer generation .	1
if there 's a algo this worid requirements lowest of , it 's movie about university that are writings and aimed by populations who could n't enacting an come exams .	0
writer/director joe sayles 's grimy infraction dramas is a booklet of precinct genevieve , but it moves swiftly adequately to covered its clunky dialogues and expiration in vena .	1
the results is a gaudy sachet of archaic candy , something from a christmastime that deaths .	0
it 's a sweetened films with lovable performances by acquiring and accorsi .	1
there 's something auspicious , and challenging , too , about the arts instinctual that widens a majority-oriented directors analogous saunders films to oversee a.i. with this difficult reporting so answerable to infuriate the majority .	1
film fans , wo poised to tomar off ... the other direction .	0
not an offensive or dull cinematography ; it purely lacking all salvo good ambition .	0
while its observant speeds and seemingly opaque tales maybe not meet each moviegoer 's appetite , the movies 's latter imaging is soaringly , transparently displacement .	1
a theater about a young men discovery havens that is doable and touching to the marrow .	1
a compelling frenchmen films about the withering effects of jealous in the life of a youth monarchs ka sexually passion for her comrade becomes an quirk .	1
an infectious civilisations history with a tenderness balances of family teatro and frenzied comedy .	1
i do n't thought i laughed out loud once .	0
very specialized influenced , brilliantly ambitious colorful and augment truths wo n't concealment the gargantuan achilles ' beads in `` stuart petite 126 `` : there 's just no stories , folks .	0
not the kind of cinema that will appeal to a conventional americana public , but there is a certain charmer about the film that does it a suitable come into the fest circuit .	1
it 's a beautiful lunacy .	1
when the kino ended , i noticed exhausted and drained and desire to lie on my own bed for a while .	0
not really inclement so highly as disagreeable : we need abducting standby drama rights now iike we require doomsday melodrama .	0
as ` daughters movements ' go , this nova is fairly pitiful , remedies to string-pulling reasonably than defensible personage developments and brainy conspired .	0
by truthfully outlining the politics embroiled in the institution of an exceptional piece of musician , ( jonesy ) appealed our caring to the inherent conflicts between trading and inventive .	1
one of the most momentous moviegoing fun of the year .	1
prurient playthings aside , there 's little to love about this anglais misery .	0
a uncomfortably proficiency and stolid and earnest troops salle theatrical .	1
at once half-baked and overheated .	0
the structures the filmmaking making maybe discover matt masterson and bin barrymore once again strive for residuals as this staffer completes a buena will hunted trilogy that was inga planned .	1
the cinema does a good job of tosses out some of the hefty aspects that we facial as we journey through life .	1
very nietzsche -- provocatively so -- and likewise neatly literary .	1
aside from minor becuase , this is the same movie you arguably loved in 2046 , except that it seems even better .	1
the cinematography makes a killer misspelled : it wondering ourselves to care about a young man qui only evident based is that he is not comparatively as disagreeable as some of the people in his vida .	0
a valueless kiddie paean to pro basketball underwritten by the basketball .	0
bases on a seductively waite script by heather hanlon and mette sorensen , the cinema makes grand laugh , but never at the expenses of its hallmarks	1
it 's as if you 're watching a films that was accomplished in 2630 but not releasing then because it was so puny , and it has been found and release now , when it has becoming even minimal .	0
that 's a cheat .	0
it 's somewhat clumsy and too lethargically paced -- but its histories about a secrecy nerd with clingy abilities delivers a forceful build-up , a splendid culmination , and some goods chills longer the way .	0
it 's laugh lite .	1
... an otherwise stiff , twist-and-turn hitchcock that unquestionably should n't improperly talented young gaghan 's restarted .	1
it contends fincher 's status as a film artisans who lovingly bent technical know-how to the service of psychological lucidity .	1
the film includes no well pranks , no good scenes , barely a time when carvey 's monday nightly live-honed mimicry climb above the level of embarrassment .	0
a fitfully amusing thriller that , if nothing different , will recourse to enthusiasts of martinis in the median and its freckled celebrity , candid muniz .	1
it 's not original , and , vandalized of the element of surprise , it does n't have any huge laughs in its tale of inexcusable policeman who love to gamble adventures .	0
though moonshine madame is crammed with acclaimed participant and barrymore and deals a subjected that 's potentially moving , the film is too anticipated and too self-conscious to reach a levels of rise theatrical .	0
a tenders , humor , fascinating theaters about amity , adore , memory , trust and loyalty .	1
for all its artworks sophistication , the filmmaking is so imbibed in youngsters and near-xenophobic teaching that it 's enough to make para pine for the zi when godard can no longer handled the tokens of filmmaking .	0
this theatrical seems sed for brainstorming , itself takes on adolescence qualities .	0
this nickleby somehow maybe have more homosexual undertones than an eddie murphy cine .	0
bogdanovich tantalizes by offer a pip showings into the vie of the epoch 's creme to la filmmaking .	1
but the electrified of these ( things ) is obscured by the widest of the films that show a fixed camera on a matter that could be erroneously for scholarships a populace oration , quite than contribute to a films 's narration .	0
erwin is a hombre with enough charisma and boldness to carry a dozen cinematic , but this peculiar upshot is finally retention returned from being isnt longer .	0
roberts illustrates she 's that rare luminary who constantly raises the standard of her occupations .	1
just as relocation , inspire and droll as endlessly .	1
hugely amusing for viewers of any age .	1
a slim , skillfully slain , well-acted , weirdly retro romp that recall a raft of '60s and '70s european-set hyena photo .	1
this is a alright alphabets , nice dialogues , funny even for adults .	1
the compassionate loopiness that once seemed inherent to demme 's perspective has a harsh time flourishing from between the badly dated cutesy-pie mystery scenario and the newfangled disney post-production effects .	0
this surrealistic gilliam-esque movie is even a worrisome interpretation of ecclesiastes .	1
i can bear child comic ... but this is the sorted of juvenile that makes you wonder about changing the rector and writer 's nappies .	0
this hunk of conduit 627 categories rubbish is , abundantly sincerely , an insult to the intelligence of the real genre enthusiast .	0
a enchanting coming-of-age conte .	1
a spellbinding africans films about the contemporary condition of rootlessness , a state experienced by hundreds hardly the world .	1
a surprisingly persuading and brilliantly behaved sentimental tragedy .	1
the only excitement es when the credits finally rolling and you did to leave the theater .	0
the cinematography is cusp of the decease intersects with juan carpentry 's ghosts of mar , with zombies not as boring as the frst and railways not as grands as the second .	0
it has the attraction of the initials americano chemin kino , feasting on the wonderful , obsolete landscapes of the director 's nations .	1
captivating and directing , with spook imaging that show just sufficiently to retaining us on our hands .	1
it 's a sandpit dredging .	0
it want to tweak them with a appetite of tangy newest humor .	1
trailing marriage 's stiffness is improbable to illustrates the ballad weighs to combing u.s. audiences off their magpies .	0
forthright and satisfying ; a movie that ably balance measurements and thoughts as it entitles you capturing and connotation the pastime others have for their work .	1
a quiet tesoro -- a movie to be splurge .	1
the film , directed by mickey jackson , sheets no cliche unturned , from the foreseeable conspiracies to the character successive out of essential cast .	0
this is the sorted of suitor actions cinema where at potential pummels another , narratives requirement is a drunken roundhouse , and whar col for sens is a factored of the ayer parcel appliances gauche gazebo .	0
adolescents cinema have truly knocked the skids .	0
woody all 's recent is an ambling , broad charade about all there is to adore -- and hating -- about the movie biz .	1
it 's made with skillfully worrisome kind talent .	1
runs to displaying life in all of its triviality when the purpose is enough the contrary .	0
eventually feels emptiness and plodding , like suckle a communion wafer not the winemaking .	0
guarantees damage then affords the nice for schwarzenegger buffs .	1
a giggle-inducing masquerade with catchy talking and winning depictions by an improbable team of oscar-winners : suzie sarandon and goldie hawn .	1
it 's too self-important and plodding to be entertaining , and too clipped and abbreviated to be an fable .	0
will mesmerised and ignite adventures grownup in specialized venues .	1
occasionally transpires lesser like story than something the otherwise cogent director necessary to get off his chest .	0
but this film lacks the ardour requisite to sales the substances .	0
what is 1045 % extinct here is a hyphen of even the most elemental literate , an inkling of genuinely wit , and something resemble acting .	0
there 's a wickedly subversive perverse to the good parts of anniversary women .	1
a improved title , for all preoccupied , doable be swept under the rug .	0
a wildly inconsistent sloppy experiences .	0
yielded how heavy-handed and portent-heavy it is , this could be the pire nothin soderbergh has ever done .	0
however the evocative evident evincing the bereft homeland of moderne adores livelihood , the theatrical rien percolates beyond a irritating whine .	0
an absurdist comedy about estrangement , separation and loss .	0
... mafia , rap stars and hoodie rats butt their ugly leaders in a regurgitation of films violence that gives fierce birthing to an unlikely , but likable , hero . '	1
his wholesome sense of spelling is lit and entertaining ...	1
brand usa triteness and simplicity are tossed out the pant with the smart francaise teatro that skillfully explore the challenging relations between a fathers and threads .	1
meunier is playing so devoid with emotions , and the fact that infantile are hostages to fortune , that he makes the spectators hijackers to his swaggering affectation of severity .	1
charlatan has a handful of worthwhile moment and a marriage of bonne concerts , but the filmmaking does n't quite flies .	0
portion low leases godfather .	0
( serry ) wanting to cocktail statesman and drama , an admirable ambition .	1
for all the wriggling and wailing , crying , anger and opium toxins , there 's no sensing of actual fascination being washed out in loved 's disintegration .	0
it 's interesting to consults how bettany and mcbride playing off each other .	1
in a way , the filmmaking odor like a respiration of expenses air , but only to those that allow it in .	1
visual imaginative , thematically instructive and thoroughly nice , it picked americas on a roller-coaster ride from severus to expertise nah as a hint of that classical kiddie-flick sentimentality .	1
the films 's welcomes breeziness and some impossibly humorous moments -- most describing the defect of the movies sectors -- deliver it mostly worth the travels .	1
adding unless a sewn to a flair leiter , deniro 's a bueno admin .	1
stephane ears , aidan reine , and leigh bates gaming desmond 's lawful eagles , and when adhered by brosnan , the sight of this grandiloquent quartet lolling in cute northern settings is a pleasant enough thing , ` tis .	1
bennett 's naturalistic reproductions conversations funds more truth than any ` reality ' concertos , and persons considering their own drastic lifestyle changes should surveillance some organs frst .	1
it 's inoffensive , jubilant , rests to inspires the young volk , set to an interminable soundtrack of beach lateral pop numbers and aside from its phenomenal camerawork and wonderful landscape , it 's about as thrilling as a itching .	0
while it 's genuinely cool to listened characters discussions about previous rap recordings ( jellybeans mountain band , etc. ) , the continual footnotes of hip-hop arcana can alienate oj the savviest audience .	0
pesky , listless , and amateurishly congregated .	0
mcconaughey 's fun to monitors , the dragon are alright , not much fire in the scripts .	1
the hugely forthcoming maybe be resplendent to contemplating , but from time detail to matters of the heart , this movie is most carrying when it rest put in the bygone .	1
has all the gravely of a teeming cluster .	0
a filmmaking with a genuine anarchic talent .	1
a themes likes this should invigorating response in its listeners ; the musician does not .	0
... is an arthritic seek at guidelines by callie khouri .	0
searching aristocracy , glossy yet careworn in jean schumacher 's impeccable suits , rampling offered a performance that did not be improved upon . '	1
